message,pred_drafted_reply,pred_grounding_note,human_judge_score,human_notes
"Seriously! So many issues that ios 11 on iphone 7! Constant feezing, loud speaker issues, slowness, Battery! ⏲️to sell?","Thanks for reaching out. We have seen similar reports and recommend checking the latest software update and restarting the device. If the issue continues, please contact Apple Support with your device model and diagnostic details.",Used a retrieved historical support example.,4,
Ugh my space bar is not wanting to work well. #iphoneprobs,"Thanks for reaching out. We have seen similar reports and recommend checking the latest software update and restarting the device. If the issue continues, please contact Apple Support with your device model and diagnostic details.",Used a retrieved historical support example.,3,
Geez already. Upgraded to iOS 11 and the WiFi keeps kicking me out with incorrect password given. Will you fix that? Seems to be the bug here.,"Thanks for reaching out. We have seen similar reports and recommend checking the latest software update and restarting the device. If the issue continues, please contact Apple Support with your device model and diagnostic details.",Used a retrieved historical support example.,5,
"Could I pre-order it tomorrow, pay up front, return it to the store, then enter the Upgrade Programme using the phone I just returned? (2/2)","Thanks for reaching out. We have seen similar reports and recommend checking the latest software update and restarting the device. If the issue continues, please contact Apple Support with your device model and diagnostic details.",Used a retrieved historical support example.,5,
one single biggest factor I admired iPhone was its great battery management. #ios11 has screwed it up. Fix it asap,"Thanks for reaching out. We have seen similar reports and recommend checking the latest software update and restarting the device. If the issue continues, please contact Apple Support with your device model and diagnostic details.",Used a retrieved historical support example.,1,
No i dont get any error just the wheel its spining. Check the picture below.,"Thanks for reaching out. We have seen similar reports and recommend checking the latest software update and restarting the device. If the issue continues, please contact Apple Support with your device model and diagnostic details.",Used a retrieved historical support example.,2,
Actually I have a question about my order.. when I chose PayPal credit do I need to set up the direct debits or it’s done automatically?,"Thanks for reaching out. We have seen similar reports and recommend checking the latest software update and restarting the device. If the issue continues, please contact Apple Support with your device model and diagnostic details.",Used a retrieved historical support example.,4,
@ I am a I phone 6 owner I install all recommended updates when prompted on my phone however this hasn’t resolved the problem with the battery in the phone and the phone shuts down whilst showing I still have charge Please help me?,"Thanks for reaching out. We have seen similar reports and recommend checking the latest software update and restarting the device. If the issue continues, please contact Apple Support with your device model and diagnostic details.",Used a retrieved historical support example.,4,
I got my new phone but to get all my old stuff on it I need an encryption password.. that I never set up.. Werk,"Thanks for reaching out. We have seen similar reports and recommend checking the latest software update and restarting the device. If the issue continues, please contact Apple Support with your device model and diagnostic details.",Used a retrieved historical support example.,4,
1.2GB for messaging services - doesn’t that seem unreasonably high? Don’t recall any issues with this pre-upgrade to 11. Also messaging will often crash...,"Thanks for reaching out. We have seen similar reports and recommend checking the latest software update and restarting the device. If the issue continues, please contact Apple Support with your device model and diagnostic details.",Used a retrieved historical support example.,5,
I cleared the hard drive and reinstalled the OS. Seems to have resolved the issue for the mean time. Thanks anyways,"Thanks for reaching out. We have seen similar reports and recommend checking the latest software update and restarting the device. If the issue continues, please contact Apple Support with your device model and diagnostic details.",Used a retrieved historical support example.,5,
"Just made rhe reset. No change, still no connection","Thanks for reaching out. We have seen similar reports and recommend checking the latest software update and restarting the device. If the issue continues, please contact Apple Support with your device model and diagnostic details.",Used a retrieved historical support example.,5,
Hi! Every sound you mention isn’t working. I’ve checked them all. They do however all work fine through a Bluetooth speaker. Thanks!,"Thanks for reaching out. We have seen similar reports and recommend checking the latest software update and restarting the device. If the issue continues, please contact Apple Support with your device model and diagnostic details.",Used a retrieved historical support example.,5,
"Ordered at 3 am &amp; got a reservation #. Email arrived, went to purchase but Apple will not honor it be/ I have a PO Box. 😠","Thanks for reaching out. We have seen similar reports and recommend checking the latest software update and restarting the device. If the issue continues, please contact Apple Support with your device model and diagnostic details.",Used a retrieved historical support example.,4,
what’s up with the app? It’s not a WWDC,"Thanks for reaching out. We have seen similar reports and recommend checking the latest software update and restarting the device. If the issue continues, please contact Apple Support with your device model and diagnostic details.",Used a retrieved historical support example.,4,
can you pleeeeaaase fix the GPS for iPhone 6 on iOS 11.1.2?,"Thanks for reaching out. We have seen similar reports and recommend checking the latest software update and restarting the device. If the issue continues, please contact Apple Support with your device model and diagnostic details.",Used a retrieved historical support example.,4,
#iOS 11 has made my iphone6 less smart than a soap bar. Constant lag and now stuck in a loop of rebooting and rebooting and rebooting itself. Thanks for the disappointment .,"Thanks for reaching out. We have seen similar reports and recommend checking the latest software update and restarting the device. If the issue continues, please contact Apple Support with your device model and diagnostic details.",Used a retrieved historical support example.,5,
Why I can't reset my Security question with my Email :(,"Thanks for reaching out. We have seen similar reports and recommend checking the latest software update and restarting the device. If the issue continues, please contact Apple Support with your device model and diagnostic details.",Used a retrieved historical support example.,5,
Whats wrong with my Order W489796150. Please respond to my emails.,"Thanks for reaching out. We have seen similar reports and recommend checking the latest software update and restarting the device. If the issue continues, please contact Apple Support with your device model and diagnostic details.",Used a retrieved historical support example.,5,
"Yes, I updated to iOS 11.0.2 (15A421), was annoyed by those iMessage Apps, removed all except App Store, which causes crash as seen in video","Thanks for reaching out. We have seen similar reports and recommend checking the latest software update and restarting the device. If the issue continues, please contact Apple Support with your device model and diagnostic details.",Used a retrieved historical support example.,5,
the silent mode swtch (wch is abve the vol cntrl buttns) alwys malfunctions! It happnd twice in 5s and twice nw in my 6s. Bad!,"Thanks for reaching out. We have seen similar reports and recommend checking the latest software update and restarting the device. If the issue continues, please contact Apple Support with your device model and diagnostic details.",Used a retrieved historical support example.,3,
"iOS 11 is so bugged I need to restart my iPhone 6 twice a day for freezes, UI parts that disappear etc. What can I do?","Thanks for reaching out. We have seen similar reports and recommend checking the latest software update and restarting the device. If the issue continues, please contact Apple Support with your device model and diagnostic details.",Used a retrieved historical support example.,3,
I'm one of the many people with the black screen&gt;spinning wheel&gt;lockscreen issue ( I have a 6 running the latest iOS. Provide a fix ASAP please as I'm travelling and need my phone to be usable!,"Thanks for reaching out. We have seen similar reports and recommend checking the latest software update and restarting the device. If the issue continues, please contact Apple Support with your device model and diagnostic details.",Used a retrieved historical support example.,2,
Will you please take my money? I’d like to listen to music and watch movies on Netflix but you don’t want me to,"Thanks for reaching out. We have seen similar reports and recommend checking the latest software update and restarting the device. If the issue continues, please contact Apple Support with your device model and diagnostic details.",Used a retrieved historical support example.,2,
Can I know who’s responsible for what happens to me today I lost all my data and all my photos due to the last update you released.,"Thanks for reaching out. We have seen similar reports and recommend checking the latest software update and restarting the device. If the issue continues, please contact Apple Support with your device model and diagnostic details.",Used a retrieved historical support example.,4,
